Season,Zone,NN,Phosphate,Salinity,Silicate,TA,Temp_in,pH,percent_sgd
FALL,Ambient,0.38961538461538464,0.10653846153846154,34.56727403153846,2.996730769230769,2255.8639088269233,26.753014371538463,8.046188213096153,0.38128596403846154
FALL,Diffuse,1.7141666666666666,0.15611111111111112,34.082677526944444,14.484861111111112,2262.1117163194444,26.51954741,8.033858693625,1.844870162875
FALL,Transition,2.676388888888889,0.21027777777777779,33.33047245666667,31.639722222222222,2253.961168472222,26.362989227499998,8.035399111944445,4.0587297530277775
SPRING,Ambient,0.16224489795918368,0.12755102040816327,34.61708111591837,1.786530612244898,2257.1892879387756,24.640156637959183,8.025742138183674,0.22895626918367348
SPRING,Diffuse,1.3755223880597016,0.1635820895522388,34.09023345134328,14.257611940298508,2265.7459043432837,24.461056309104478,8.037209634104478,1.8173237652089551
SPRING,Offshore,0.11666666666666667,0.15833333333333333,34.605651261666665,1.7183333333333333,2276.190793,24.38819551,7.987833333333333,0.2220068905
SPRING,Transition,5.6738888888888885,0.28555555555555556,32.852835911944446,43.35138888888889,2275.137557611111,24.399555496944444,8.035675868166667,5.517801560027777
